suburb,origin_quarter,horizon,actual,naive,seasonal_naive,sarima,prophet
EPPING,2020-10-01,1,5.280711825487949,-7.830687830687832,4.444444444444451,2.460538232823401,-25.98671516286791
EPPING,2020-10-01,2,-1.5261806225770005,-7.830687830687832,4.444444444444451,0.9674642659339172,-1.341520553941928
EPPING,2020-10-01,3,0.221483942414169,-7.830687830687832,4.444444444444451,-0.4783524575540377,-14.301945888999265
EPPING,2020-10-01,4,6.077348066298338,-7.830687830687832,4.444444444444451,-0.28554946866390524,6.155961332893826
EPPING,2021-07-01,1,6.077348066298338,0.221483942414169,-7.830687830687832,-0.6928028465406849,9.863401639983643
EPPING,2021-07-01,2,2.604166666666674,0.221483942414169,-7.830687830687832,0.1571579659741604,-6.918269577734565
EPPING,2021-07-01,3,-7.614213197969544,0.221483942414169,-7.830687830687832,-0.06878819117746483,-2.4518021004744606
EPPING,2021-07-01,4,0.0,0.221483942414169,-7.830687830687832,0.007760393863020763,-7.11998393535871
EPPING,2022-04-01,1,0.0,-7.614213197969544,0.221483942414169,0.934977170842372,-7.015146011799266
EPPING,2022-04-01,2,-9.175824175824175,-7.614213197969544,0.221483942414169,0.2773133092651009,-1.4211528732131518
EPPING,2022-04-01,3,-1.996370235934664,-7.614213197969544,0.221483942414169,0.08290384894987272,-1.3287548221200085
EPPING,2022-04-01,4,4.938271604938271,-7.614213197969544,0.221483942414169,-0.19507917742101022,-7.320644869384514
EPPING,2023-01-01,1,4.938271604938271,-1.996370235934664,-7.614213197969544,6.479617386140991,-7.347061907739317
EPPING,2023-01-01,2,-3.529411764705881,-1.996370235934664,-7.614213197969544,1.2814546925374628,-4.166923348520795
EPPING,2023-01-01,3,3.841463414634138,-1.996370235934664,-7.614213197969544,0.025810432877424076,-13.380949883885394
EPPING,2023-01-01,4,-2.4662360540223083,-1.996370235934664,-7.614213197969544,-0.0006043498537053411,2.5151143515937395
EPPING,2023-10-01,1,-2.4662360540223083,3.841463414634138,-1.996370235934664,0.9330047416070388,4.602033151511845
EPPING,2023-10-01,2,2.950030102347978,3.841463414634138,-1.996370235934664,0.36558587310783563,3.5335586290002006
EPPING,2023-10-01,3,4.093567251461994,3.841463414634138,-1.996370235934664,-0.06589370463023617,-12.295681128427411
EPPING,2023-10-01,4,-3.7640449438202217,3.841463414634138,-1.996370235934664,0.129803719330148,17.02060875018959
EPPING,2024-07-01,1,-3.7640449438202217,4.093567251461994,3.841463414634138,-2.303904141952518,17.514585926418032
EPPING,2024-07-01,2,28.4296555750146,4.093567251461994,3.841463414634138,-0.6605225102229585,-10.56625186671
EPPING,2024-07-01,3,-17.500000000000004,4.093567251461994,3.841463414634138,-0.004929058019690525,0.7034932062492281
EPPING,2024-07-01,4,-3.030303030303028,4.093567251461994,3.841463414634138,0.1402859309983717,-6.66261801308235
EPPING,2025-04-01,1,-3.030303030303028,-17.500000000000004,4.093567251461994,-4.332369399043789,-6.2425504574742625
EPPING,2025-04-01,2,4.545454545454541,-17.500000000000004,4.093567251461994,-1.0506745878102388,5.636986227482979
EPPING,2025-04-01,3,-1.0869565217391353,-17.500000000000004,4.093567251461994,0.3103059259033701,-0.6465600176497688
EPPING,2025-04-01,4,17.03296703296704,-17.500000000000004,4.093567251461994,-0.3738375654771505,-2.6882052975444166
AUBURN,2020-10-01,1,6.904761904761902,-0.7874015748031482,4.784688995215314,-0.5959943286421823,-14.831209355010301
AUBURN,2020-10-01,2,-2.3014105419450592,-0.7874015748031482,4.784688995215314,0.08765909998507379,-4.620573881132773
AUBURN,2020-10-01,3,3.039513677811545,-0.7874015748031482,4.784688995215314,0.6762369985985526,-1.837329581917298
AUBURN,2020-10-01,4,12.831858407079654,-0.7874015748031482,4.784688995215314,-0.06412477191865824,-3.9275878479941193
AUBURN,2021-07-01,1,12.831858407079654,3.039513677811545,-0.7874015748031482,0.4647484367589926,-1.497573147155002
AUBURN,2021-07-01,2,-8.496732026143794,3.039513677811545,-0.7874015748031482,-1.9071948888590222,-1.0365407282620822
AUBURN,2021-07-01,3,-7.857142857142863,3.039513677811545,-0.7874015748031482,0.6449481701538498,2.106091768846916
AUBURN,2021-07-01,4,-9.302325581395356,3.039513677811545,-0.7874015748031482,-0.8107561756716881,-1.0315991599991987
AUBURN,2022-04-01,1,-9.302325581395356,-7.857142857142863,3.039513677811545,-0.7099655036276453,-1.609452563451113
AUBURN,2022-04-01,2,5.982905982905984,-7.857142857142863,3.039513677811545,-3.4723000196057616,0.2068503027376094
AUBURN,2022-04-01,3,-2.0161290322580627,-7.857142857142863,3.039513677811545,2.302100614533849,1.8252384236769519
AUBURN,2022-04-01,4,-1.2345679012345734,-7.857142857142863,3.039513677811545,2.0508005656812434,3.998347473531463
AUBURN,2023-01-01,1,-1.2345679012345734,-2.0161290322580627,-7.857142857142863,1.4039882764743206,3.413184181012321
AUBURN,2023-01-01,2,8.333333333333325,-2.0161290322580627,-7.857142857142863,1.9741198749653783,-5.723552873744423
AUBURN,2023-01-01,3,1.2307692307692353,-2.0161290322580627,-7.857142857142863,-1.2514744300480443,0.46006814916377703
AUBURN,2023-01-01,4,0.3039513677811634,-2.0161290322580627,-7.857142857142863,0.42459071039051866,4.898786915847606
AUBURN,2023-10-01,1,0.3039513677811634,1.2307692307692353,-2.0161290322580627,2.4681355065409156,5.653798758455623
AUBURN,2023-10-01,2,-9.24242424242424,1.2307692307692353,-2.0161290322580627,-1.3834492920389694,-8.576937853949058
AUBURN,2023-10-01,3,9.766277128547586,1.2307692307692353,-2.0161290322580627,-0.31228701821116067,-0.6634425260938857
AUBURN,2023-10-01,4,-5.703422053231943,1.2307692307692353,-2.0161290322580627,-1.1924046628964682,-1.441472934775477
AUBURN,2024-07-01,1,-5.703422053231943,9.766277128547586,1.2307692307692353,-1.0170118727053954,-1.1600973083374182
AUBURN,2024-07-01,2,3.2258064516129004,9.766277128547586,1.2307692307692353,0.2786171931829563,-8.007813359101004
AUBURN,2024-07-01,3,6.25,9.766277128547586,1.2307692307692353,1.2232280438471617,-5.26483667370172
AUBURN,2024-07-01,4,9.191176470588225,9.766277128547586,1.2307692307692353,-1.3761245065812533,0.0817600592501222
AUBURN,2025-04-01,1,9.191176470588225,6.25,9.766277128547586,-4.093824032531738,1.1737361360999623
AUBURN,2025-04-01,2,-0.8754208754208737,6.25,9.766277128547586,-0.8601359273457557,-0.39166014440279584
AUBURN,2025-04-01,3,-8.288043478260864,6.25,9.766277128547586,-1.3654619232765737,-1.7631333887104723
AUBURN,2025-04-01,4,-6.666666666666665,6.25,9.766277128547586,-1.3729358729037864,0.0947131047437213
ARTARMON,2020-10-01,1,-4.90654205607477,12.869198312236296,5.421686746987953,-5.446974692422236,-8.832699576705044
ARTARMON,2020-10-01,2,14.250614250614246,12.869198312236296,5.421686746987953,3.8753301401743636,5.6829672183803
ARTARMON,2020-10-01,3,-10.537634408602148,12.869198312236296,5.421686746987953,-3.1319889199821165,1.4619769452630482
ARTARMON,2020-10-01,4,51.20192307692308,12.869198312236296,5.421686746987953,1.9938578960634992,6.774631299820225
ARTARMON,2021-07-01,1,51.20192307692308,-10.537634408602148,12.869198312236296,6.236439614805082,6.825652774291484
ARTARMON,2021-07-01,2,-27.027027027027028,-10.537634408602148,12.869198312236296,-3.1513590677218715,-5.823192719729281
ARTARMON,2021-07-01,3,-8.496732026143794,-10.537634408602148,12.869198312236296,3.258273778498595,11.053936310455999
ARTARMON,2021-07-01,4,-7.023809523809521,-10.537634408602148,12.869198312236296,-2.1497301581962045,1.1856834772035256
ARTARMON,2022-04-01,1,-7.023809523809521,-8.496732026143794,-10.537634408602148,0.7968777959195451,0.6937233798227425
ARTARMON,2022-04-01,2,2.94494238156211,-8.496732026143794,-10.537634408602148,22.16238081524596,12.144978434187959
ARTARMON,2022-04-01,3,-2.487562189054726,-8.496732026143794,-10.537634408602148,-11.124932831680912,-6.507018543725357
ARTARMON,2022-04-01,4,14.79591836734695,-8.496732026143794,-10.537634408602148,-3.518019629329484,11.171715786711465
ARTARMON,2023-01-01,1,14.79591836734695,-2.487562189054726,-8.496732026143794,-0.47743376121136943,9.990517742292543
ARTARMON,2023-01-01,2,11.111111111111116,-2.487562189054726,-8.496732026143794,-0.6370803276773029,-0.26588667197016314
ARTARMON,2023-01-01,3,-15.000000000000002,-2.487562189054726,-8.496732026143794,0.27581619608548685,7.980168695175981
ARTARMON,2023-01-01,4,3.4352941176470697,-2.487562189054726,-8.496732026143794,-0.21718376752629517,-4.2797036966714685
ARTARMON,2023-10-01,1,3.4352941176470697,-15.000000000000002,-2.487562189054726,7.7610558769065285,-4.844625246953031
ARTARMON,2023-10-01,2,-3.5486806187443154,-15.000000000000002,-2.487562189054726,-4.56391435263257,0.7208730465400652
ARTARMON,2023-10-01,3,13.207547169811315,-15.000000000000002,-2.487562189054726,2.005982005567839,-3.8857853191569465
ARTARMON,2023-10-01,4,15.575000000000006,-15.000000000000002,-2.487562189054726,-0.8686255535064975,14.677896922644747
ARTARMON,2024-07-01,1,15.575000000000006,13.207547169811315,-15.000000000000002,-6.594030288043186,16.041613646180117
ARTARMON,2024-07-01,2,-2.6606099935107097,13.207547169811315,-15.000000000000002,3.512881005571899,-11.410408993574789
ARTARMON,2024-07-01,3,-6.296296296296299,13.207547169811315,-15.000000000000002,-1.9267277629871538,4.659663992088996
ARTARMON,2024-07-01,4,-12.252964426877464,13.207547169811315,-15.000000000000002,1.193499273726055,1.5091713913063156
ARTARMON,2025-04-01,1,-12.252964426877464,-6.296296296296299,13.207547169811315,0.6240943958718483,1.4016992674903435
ARTARMON,2025-04-01,2,8.108108108108114,-6.296296296296299,13.207547169811315,-2.080093366410449,12.10144135892874
ARTARMON,2025-04-01,3,-1.624999999999999,-6.296296296296299,13.207547169811315,1.036118197992102,-7.332878490058718
ARTARMON,2025-04-01,4,1.016518424396451,-6.296296296296299,13.207547169811315,-0.29095882445349713,7.806917503753613
ZETLAND,2020-10-01,1,-3.867403314917128,-0.5494505494505475,-11.304347826086955,2.477062724872447,1.6296529114889893
ZETLAND,2020-10-01,2,-6.64137931034483,-0.5494505494505475,-11.304347826086955,2.4587303104879505,5.53007651634234
ZETLAND,2020-10-01,3,18.194577823742343,-0.5494505494505475,-11.304347826086955,-3.1940422705208893,3.212197959734548
ZETLAND,2020-10-01,4,4.166666666666674,-0.5494505494505475,-11.304347826086955,-0.15603753010743826,-2.5201726130890183
ZETLAND,2021-07-01,1,4.166666666666674,18.194577823742343,-0.5494505494505475,-6.661021462753846,-2.909869521798606
ZETLAND,2021-07-01,2,1.0000000000000009,18.194577823742343,-0.5494505494505475,-2.029364756518273,-2.6838863901017107
ZETLAND,2021-07-01,3,-6.53465346534653,18.194577823742343,-0.5494505494505475,-2.0116167199665322,12.511213703193345
ZETLAND,2021-07-01,4,0.8474576271186418,18.194577823742343,-0.5494505494505475,5.122293888078826,-0.34020108184186104
ZETLAND,2022-04-01,1,0.8474576271186418,-6.53465346534653,18.194577823742343,3.1603982379967,-1.2876097530492832
ZETLAND,2022-04-01,2,4.306722689075637,-6.53465346534653,18.194577823742343,0.7198674238432387,0.43962436836026186
ZETLAND,2022-04-01,3,-0.7049345417925457,-6.53465346534653,18.194577823742343,0.17661172281640194,-5.524239238585681
ZETLAND,2022-04-01,4,-2.383367139959436,-6.53465346534653,18.194577823742343,-1.8282832311458064,17.01664925570506
ZETLAND,2023-01-01,1,-2.383367139959436,-0.7049345417925457,-6.53465346534653,-2.1231912133788993,18.047810566793686
ZETLAND,2023-01-01,2,7.012987012987004,-0.7049345417925457,-6.53465346534653,0.16532825111025887,-5.76292572254703
ZETLAND,2023-01-01,3,5.242718446601935,-0.7049345417925457,-6.53465346534653,1.183590786068676,5.0601595978467415
ZETLAND,2023-01-01,4,17.15867158671587,-0.7049345417925457,-6.53465346534653,-0.20034753356666088,-6.349305536725987
ZETLAND,2023-10-01,1,17.15867158671587,5.242718446601935,-0.7049345417925457,-4.743339197744792,-6.88319979864179
ZETLAND,2023-10-01,2,1.0236220472440882,5.242718446601935,-0.7049345417925457,-1.7800734780206882,-5.722184611162855
ZETLAND,2023-10-01,3,-22.194076383476222,5.242718446601935,-0.7049345417925457,1.7374909607624056,8.819623897850459
ZETLAND,2023-10-01,4,5.4345103931880745,5.242718446601935,-0.7049345417925457,1.433386470936838,-5.742140289587834
ZETLAND,2024-07-01,1,5.4345103931880745,-22.194076383476222,5.242718446601935,5.782298827675087,-5.85132496426945
ZETLAND,2024-07-01,2,-10.688836104513069,-22.194076383476222,5.242718446601935,5.761266999177081,-2.9369945643515067
ZETLAND,2024-07-01,3,-4.521276595744683,-22.194076383476222,5.242718446601935,0.6185638877778082,1.0747583060450037
ZETLAND,2024-07-01,4,12.534818941504188,-22.194076383476222,5.242718446601935,-5.751363290515155,-0.05693257830546039
ZETLAND,2025-04-01,1,12.534818941504188,-4.521276595744683,-22.194076383476222,2.802719091985523,-0.2645728751898174
ZETLAND,2025-04-01,2,2.623762376237626,-4.521276595744683,-22.194076383476222,3.198296318454171,-1.2159902446381834
ZETLAND,2025-04-01,3,5.258080077182825,-4.521276595744683,-22.194076383476222,-1.156087451337511,-3.8243297301659798
ZETLAND,2025-04-01,4,-4.674610449129235,-4.521276595744683,-22.194076383476222,-0.5568077272550896,5.6334387486490725
ARMIDALE,2020-07-01,1,-5.000000000000004,17.829457364341096,6.000000000000005,-20.315633095596915,14.676770335375117
ARMIDALE,2020-07-01,2,5.263157894736836,17.829457364341096,6.000000000000005,12.460138063327705,-10.803016391928711
ARMIDALE,2020-07-01,3,-1.0526315789473717,17.829457364341096,6.000000000000005,-9.414294878258202,-2.4486157983838313
ARMIDALE,2020-07-01,4,6.382978723404253,17.829457364341096,6.000000000000005,10.947071875013169,-0.21683761373259092
ARMIDALE,2021-04-01,1,6.382978723404253,-1.0526315789473717,17.829457364341096,-3.301686696002485,-0.35464166435775724
ARMIDALE,2021-04-01,2,5.000000000000004,-1.0526315789473717,17.829457364341096,0.7968173798962336,5.651753294841102
ARMIDALE,2021-04-01,3,10.416666666666677,-1.0526315789473717,17.829457364341096,-0.7322932233719411,-3.5780640649275215
ARMIDALE,2021-04-01,4,3.719676549865225,-1.0526315789473717,17.829457364341096,0.1454241665263641,-4.081089943363635
ARMIDALE,2022-01-01,1,3.719676549865225,10.416666666666677,-1.0526315789473717,-5.297453209372897,-2.283642270565304
ARMIDALE,2022-01-01,2,-0.2079002079002023,10.416666666666677,-1.0526315789473717,3.8721731896715017,-0.05319211933525736
ARMIDALE,2022-01-01,3,10.83333333333334,10.416666666666677,-1.0526315789473717,0.08018337217443137,5.397355988848192
ARMIDALE,2022-01-01,4,-6.015037593984962,10.416666666666677,-1.0526315789473717,2.9829609091491798,1.3429591098219333
ARMIDALE,2022-10-01,1,-6.015037593984962,10.83333333333334,10.416666666666677,-1.1853611538614053,2.2492754816519334
ARMIDALE,2022-10-01,2,-6.000000000000005,10.83333333333334,10.416666666666677,3.441149748295428,-1.4812565234863868
ARMIDALE,2022-10-01,3,-4.255319148936165,10.83333333333334,10.416666666666677,-1.2642216955911607,-0.9647603063360233
ARMIDALE,2022-10-01,4,3.333333333333344,10.83333333333334,10.416666666666677,3.9625619352101404,5.544120447996219
ARMIDALE,2023-07-01,1,3.333333333333344,-4.255319148936165,10.83333333333334,2.3341269473812822,4.345206326368189
ARMIDALE,2023-07-01,2,0.4301075268817289,-4.255319148936165,10.83333333333334,-1.138702251918722,1.6032254913753459
ARMIDALE,2023-07-01,3,2.783725910064238,-4.255319148936165,10.83333333333334,-0.3991535688025231,-0.18817054232839503
ARMIDALE,2023-07-01,4,3.125,-4.255319148936165,10.83333333333334,-0.5332604104671779,3.359780141376554
ARMIDALE,2024-04-01,1,3.125,2.783725910064238,-4.255319148936165,-1.3591025648097468,3.3992861439017776
ARMIDALE,2024-04-01,2,-2.5252525252525304,2.783725910064238,-4.255319148936165,0.6795197818544877,7.99355537244997
ARMIDALE,2024-04-01,3,10.362694300518127,2.783725910064238,-4.255319148936165,-0.13600546113569806,-2.6064708565379853
ARMIDALE,2024-04-01,4,-5.164319248826288,2.783725910064238,-4.255319148936165,0.2883491299979201,-0.9053979015830933
ARMIDALE,2025-01-01,1,-5.164319248826288,10.362694300518127,2.783725910064238,-3.2974794834937167,-0.7694004846761011
ARMIDALE,2025-01-01,2,7.425742574257432,10.362694300518127,2.783725910064238,1.7232570276326145,1.194124824074498
ARMIDALE,2025-01-01,3,9.603686635944708,10.362694300518127,2.783725910064238,-0.8232944554162647,5.485166115728326
ARMIDALE,2025-01-01,4,5.112680793810975,10.362694300518127,2.783725910064238,1.024366801934188,0.2424253144564048
FORSTER,2020-10-01,1,15.312499999999996,-7.692307692307687,3.018500486854925,3.2100942625811135,4.2024399180492065
FORSTER,2020-10-01,2,11.562782294489615,-7.692307692307687,3.018500486854925,-0.8950577042681864,-3.2384958919582294
FORSTER,2020-10-01,3,4.048582995951411,-7.692307692307687,3.018500486854925,1.190948607015684,0.1473435990635572
FORSTER,2020-10-01,4,7.78210116731517,-7.692307692307687,3.018500486854925,-1.6476748003944015,-3.229978539808743
FORSTER,2021-07-01,1,7.78210116731517,4.048582995951411,-7.692307692307687,-1.3653198465620198,-0.7566239896710778
FORSTER,2021-07-01,2,11.263537906137188,4.048582995951411,-7.692307692307687,1.5671316461782494,8.891526771367124
FORSTER,2021-07-01,3,-0.3893575600259602,4.048582995951411,-7.692307692307687,0.02833907698649665,1.1835166642906152
FORSTER,2021-07-01,4,-13.68078175895765,4.048582995951411,-7.692307692307687,0.6785546949049935,3.484120535825092
FORSTER,2022-04-01,1,-13.68078175895765,-0.3893575600259602,4.048582995951411,2.4954937871554503,4.231121002530926
FORSTER,2022-04-01,2,3.773584905660377,-0.3893575600259602,4.048582995951411,2.5828509850945727,2.419142434802945
FORSTER,2022-04-01,3,5.563636363636371,-0.3893575600259602,4.048582995951411,2.662885855693119,8.656244642387616
FORSTER,2022-04-01,4,1.96348604891492,-0.3893575600259602,4.048582995951411,2.2877738327044423,1.8294952728779013
FORSTER,2023-01-01,1,1.96348604891492,5.563636363636371,-0.3893575600259602,-0.11195733789892473,0.040949018932806
FORSTER,2023-01-01,2,-5.405405405405405,5.563636363636371,-0.3893575600259602,-1.9117848879980457,0.25083829593231555
FORSTER,2023-01-01,3,2.57142857142858,5.563636363636371,-0.3893575600259602,0.4938479349445126,2.2508569268002123
FORSTER,2023-01-01,4,-6.33704735376045,5.563636363636371,-0.3893575600259602,0.7477673386891422,5.116063745927541
FORSTER,2023-10-01,1,-6.33704735376045,2.57142857142858,5.563636363636371,0.8913114251651972,4.848287998012909
FORSTER,2023-10-01,2,13.605947955390342,2.57142857142858,5.563636363636371,0.5965220754646124,0.250831910460255
FORSTER,2023-10-01,3,-13.61256544502618,2.57142857142858,5.563636363636371,-1.259111740235368,1.3704427133891088
FORSTER,2023-10-01,4,6.060606060606055,2.57142857142858,5.563636363636371,0.6145068098860683,-1.0389377384749146
FORSTER,2024-07-01,1,6.060606060606055,-13.61256544502618,2.57142857142858,4.901531969558621,-1.8242161768611094
FORSTER,2024-07-01,2,4.285714285714293,-13.61256544502618,2.57142857142858,-4.518152531199003,9.936162113766164
FORSTER,2024-07-01,3,0.3424657534246478,-13.61256544502618,2.57142857142858,5.084217150279506,1.4590940136369008
FORSTER,2024-07-01,4,3.412969283276457,-13.61256544502618,2.57142857142858,-4.464886315279572,-2.542056572728682
FORSTER,2025-04-01,1,3.412969283276457,0.3424657534246478,-13.61256544502618,-2.1215767093327145,-2.596702717760862
FORSTER,2025-04-01,2,-3.63036303630363,0.3424657534246478,-13.61256544502618,1.0520175295428322,0.17440793902855
FORSTER,2025-04-01,3,14.383561643835607,0.3424657534246478,-13.61256544502618,0.7754305676486838,6.102141323950553
FORSTER,2025-04-01,4,-0.5988023952095856,0.3424657534246478,-13.61256544502618,0.06108462662543717,-0.30526768172814966
WYONG,2020-10-01,1,-15.555555555555555,25.0,-28.63070539419087,-24.180909005547086,1.5616945009852685
WYONG,2020-10-01,2,17.105263157894733,25.0,-28.63070539419087,7.653425100313464,16.756954198469682
WYONG,2020-10-01,3,-2.621722846441943,25.0,-28.63070539419087,0.44430452191431336,2.8059134891811954
WYONG,2020-10-01,4,2.684615384615374,25.0,-28.63070539419087,10.738353401721938,13.642929662522976
WYONG,2021-07-01,1,2.684615384615374,-2.621722846441943,25.0,8.701737765967037,11.784107254858002
WYONG,2021-07-01,2,11.993407745898566,-2.621722846441943,25.0,-6.835291249720625,-7.4449379369929
WYONG,2021-07-01,3,-1.0033444816053505,-2.621722846441943,25.0,7.1673234263151855,15.739691499690027
WYONG,2021-07-01,4,-4.898648648648651,-2.621722846441943,25.0,-1.1114588676224677,2.588964214366678
WYONG,2022-04-01,1,-4.898648648648651,-1.0033444816053505,-2.621722846441943,-1.5226770846652498,2.0470127531121385
WYONG,2022-04-01,2,-13.53463587921847,-1.0033444816053505,-2.621722846441943,0.9692688861307918,14.906354149838606
WYONG,2022-04-01,3,8.13475760065736,-1.0033444816053505,-2.621722846441943,4.567439424509125,-7.977013294948144
WYONG,2022-04-01,4,-4.255319148936165,-1.0033444816053505,-2.621722846441943,-0.3831635585235884,12.645979778277038
WYONG,2023-01-01,1,-4.255319148936165,8.13475760065736,-1.0033444816053505,2.2193311381207006,11.093402109103717
WYONG,2023-01-01,2,13.888888888888884,8.13475760065736,-1.0033444816053505,-1.3551063443931228,1.1173775480729349
WYONG,2023-01-01,3,-7.317073170731703,8.13475760065736,-1.0033444816053505,-4.7849658893947185,13.365420831784093
WYONG,2023-01-01,4,24.812030075187973,8.13475760065736,-1.0033444816053505,2.9226044103622484,-9.56614275702765
WYONG,2023-10-01,1,24.812030075187973,-7.317073170731703,8.13475760065736,0.98625839376129,-10.898025407398825
WYONG,2023-10-01,2,-15.06024096385542,-7.317073170731703,8.13475760065736,-1.7997997477185772,13.899498857965241
WYONG,2023-10-01,3,-19.50354609929078,-7.317073170731703,8.13475760065736,4.816474945157377,-4.307775897997315
WYONG,2023-10-01,4,48.01762114537445,-7.317073170731703,8.13475760065736,-2.5727882464170726,4.854443462694565
WYONG,2024-07-01,1,48.01762114537445,-19.50354609929078,-7.317073170731703,7.450823778115164,3.9329575123476443
WYONG,2024-07-01,2,-7.14285714285714,-19.50354609929078,-7.317073170731703,10.5941069676228,-7.7930109922423485
WYONG,2024-07-01,3,10.256410256410264,-19.50354609929078,-7.317073170731703,-4.646681372438105,6.299127092263424
WYONG,2024-07-01,4,-9.302325581395356,-19.50354609929078,-7.317073170731703,-6.524842280263138,-4.963311439868958
WYONG,2025-04-01,1,-9.302325581395356,10.256410256410264,-19.50354609929078,-14.877356507394827,-2.4525701897296486
WYONG,2025-04-01,2,-3.205128205128205,10.256410256410264,-19.50354609929078,14.519494705044616,13.390980035718147
WYONG,2025-04-01,3,4.70860927152319,10.256410256410264,-19.50354609929078,-2.1434671056205357,-3.496613219430298
WYONG,2025-04-01,4,18.27208905192588,10.256410256410264,-19.50354609929078,3.0754918807911036,9.726878617922162
ALBION PARK,2020-10-01,1,0.4149377593360981,6.63716814159292,6.837606837606836,5.308724251415287,2.0280992746620305
ALBION PARK,2020-10-01,2,12.396694214876035,6.63716814159292,6.837606837606836,-2.6114423500010107,0.5009536106299026
ALBION PARK,2020-10-01,3,6.25,6.63716814159292,6.837606837606836,-2.8516252956064885,-4.63502336775649
ALBION PARK,2020-10-01,4,4.498269896193774,6.63716814159292,6.837606837606836,3.382616248894614,1.0079595611113272
ALBION PARK,2021-07-01,1,4.498269896193774,6.25,6.63716814159292,3.0209158157127343,2.768719392292916
ALBION PARK,2021-07-01,2,3.973509933774833,6.25,6.63716814159292,0.06964841115228501,2.8964838859883777
ALBION PARK,2021-07-01,3,-1.273885350318471,6.25,6.63716814159292,4.148287896212117,3.0623918860709507
ALBION PARK,2021-07-01,4,1.5483870967741842,6.25,6.63716814159292,2.087929976577437,-2.2632926668360867
ALBION PARK,2022-04-01,1,1.5483870967741842,-1.273885350318471,6.25,1.6390677651092724,-2.4712911140063927
ALBION PARK,2022-04-01,2,-2.1601016518424387,-1.273885350318471,6.25,1.2510778121366513,2.011050132920384
ALBION PARK,2022-04-01,3,0.6493506493506551,-1.273885350318471,6.25,1.0666335092489363,2.671637851672585
ALBION PARK,2022-04-01,4,8.387096774193559,-1.273885350318471,6.25,0.21021150863265903,1.3277980483677574
ALBION PARK,2023-01-01,1,8.387096774193559,0.6493506493506551,-1.273885350318471,-0.02471225146540547,1.112435860326729
ALBION PARK,2023-01-01,2,-10.833333333333329,0.6493506493506551,-1.273885350318471,0.31929672448414653,-2.8232351985748223
ALBION PARK,2023-01-01,3,8.144192256341798,0.6493506493506551,-1.273885350318471,-0.1513093215674324,0.21698424884807865
ALBION PARK,2023-01-01,4,1.2345679012345734,0.6493506493506551,-1.273885350318471,0.1920812224931519,1.8911238607855365
ALBION PARK,2023-10-01,1,1.2345679012345734,8.144192256341798,0.6493506493506551,0.18189759685292212,2.408571537285396
ALBION PARK,2023-10-01,2,0.304878048780477,8.144192256341798,0.6493506493506551,0.6457672750002179,3.3495383517608532
ALBION PARK,2023-10-01,3,-0.2431610942249196,8.144192256341798,0.6493506493506551,-0.5330864649438938,-0.31578537553064256
ALBION PARK,2023-10-01,4,6.2766605728214575,8.144192256341798,0.6493506493506551,0.6166897432679993,2.649127571111385
ALBION PARK,2024-07-01,1,6.2766605728214575,-0.2431610942249196,8.144192256341798,0.60707306512619,2.38782258835008
ALBION PARK,2024-07-01,2,-4.816513761467888,-0.2431610942249196,8.144192256341798,0.2287916506307528,2.483414714286957
ALBION PARK,2024-07-01,3,2.4096385542168752,-0.2431610942249196,8.144192256341798,0.1706358940186144,2.4681935677266074
ALBION PARK,2024-07-01,4,-2.352941176470591,-0.2431610942249196,8.144192256341798,0.13332105279737083,-2.022602806056189
ALBION PARK,2025-04-01,1,-2.352941176470591,2.4096385542168752,-0.2431610942249196,0.0971578399260146,-2.270469531250487
ALBION PARK,2025-04-01,2,6.626506024096379,2.4096385542168752,-0.2431610942249196,0.679086028757371,2.455282086613133
ALBION PARK,2025-04-01,3,2.824858757062154,2.4096385542168752,-0.2431610942249196,-0.326925916839098,0.8940176522140364
ALBION PARK,2025-04-01,4,-0.8241758241758212,2.4096385542168752,-0.2431610942249196,0.319283245467791,2.2451149729099042
